Designator,Footprint,Quantity,Value,LCSC Part #
"C1, C11, C12, C14, C16, C18, C19, C20, C21, C22, C23, C24, C5, C8, C9",C0805,15,100nF,C28233
"C10, C13, C15, C17, C2, C6, C7",C0805,7,10uF,C440198
"C3, C4",C0402,2,15pf,C1548
CN1,FPC-SMD_22P-P0.50_FH55-22S-0.5SH,1,FH55-22S-0.5SH,C5182313
CN2,HDR-SMD_6P-P2.54-V-F-R2-C3-LS7.0,1,PM254-2-03-S-8.5,C3975148
"D1, D2",SOT-363_L2.0-W1.3-P0.65-LS2.1-BR,2,SMF05CT1G,C15879
"D3, D4",SOD-323_L1.8-W1.3-LS2.5-RD,2,1N5819WS,C191023
"J1, J2, J3, J4, J5",AUDIO-TH_PJ-3411,5,PJ-3411,C381132
"LED1, LED2",LED0603-RD,2,Red,C2286
"LED3, LED4",LED0603-RD,2,KT-0603R,C2286
P1,IDC-TH_16P-P2.54_C3406,1,Eurorack Power,C3406
R1,R0603,1,1M,C22935
"R10, R11, R12, R13, R14, R15, R16, R17, R18, R24, R6, R9",R0603,12,10k,C25804
"R19, R20, R21, R22",R0805,4,100,C17408
"R2, R3",R0402,2,5.1k,C25905
"R27, R28",R0402,2,1k,C11702
R29,R0603,1,100k,C73806
"R30, R31, R4, R5",R0603,4,330,C23138
"R7, R8",R0402,2,4.7k,C25900
"TEST-1, TEST-2",TestPoint_Keystone_5019_Miniature,2,TestPoint_Keystone_5019_Miniature,
U1,MSOP-10_L3.0-W3.0-P0.50-LS5.0-TL,1,MCP4728-E/UN,C108207
U2,TQFP-32_L7.0-W7.0-P0.80-LS9.0-BL,1,ATMEGA328-AU,C618731
U3,SSOP28_L10.2-W5.3-P0.65-LS7.8-BL,1,FT232RNL-REEL,C5246810
"U4, U5",SSOP-24_L8.1-W5.3-P0.65-LS7.8-BL,2,CD74HC4067SM96,C98457
"U6, U7",SOIC-8_L4.9-W3.9-P1.27-LS6.0-BL,2,MCP6002T-I/SN,C7377
USB1,USB-C-SMD_TYPE-C16PIN,1,TYPE-C16PIN,C393939
X1,OSC-SMD_4P-L3.2-W2.5-BL,1,X322516MLB4SI,C13738
ZD1,SOD-123_L2.8-W1.8-LS3.7-RD,1,BZT52C5V1,C2117
